query,category,query_shape,expected_topic,expected_card,top1_topic,top1_score,top2_topic,top2_score,margin,served_topic,card_served,expected_rank,reciprocal_rank,correct,outcome
why is Google the default search engine on my phone,collision-defaults,,Defaults and choice,True,Defaults and choice,0.5879,Concentration and defaults,0.5177,0.0702,Defaults and choice,True,1,1.0,True,correct-card
how much does Google pay Apple,collision-defaults,,Defaults and choice,True,Artificial Intelligence and Search Engines,0.2469,Corporate tax loopholes,0.2063,0.0406,,False,7,0.1429,False,missed (below-threshold)
how to change my default search engine,collision-defaults,,Defaults and choice,True,Defaults and choice,0.5071,Concentration and defaults,0.4874,0.0197,Defaults and choice,True,1,1.0,True,correct-card
why does everyone use Google,collision-defaults,,Concentration and defaults,True,Children and search,0.4601,The Google effect on memory,0.4573,0.0028,Children and search,True,4,0.25,False,wrong-topic
how much of search does Google control,collision-defaults,,Concentration and defaults,True,The Google effect on memory,0.5001,Children and search,0.4956,0.0045,The Google effect on memory,True,3,0.3333,False,wrong-topic
what is SEO,collision-seo,,Search engine optimisation,True,Search engine optimisation,0.5171,How results are ranked,0.4055,0.1116,Search engine optimisation,True,1,1.0,True,correct-card
how to rank higher on Google,collision-seo,,Search engine optimisation,True,How results are ranked,0.4535,Search engine optimisation,0.4068,0.0467,How results are ranked,True,2,0.5,False,wrong-topic
why are product review sites all the same,collision-seo,,Search engine optimisation,True,Fad diets vs. evidence-based diets,0.2615,Personal branding,0.2556,0.0059,,False,10,0.1,False,missed (below-threshold)
what is generative engine optimisation,collision-seo,,Generative engine optimisation,True,Generative engine optimisation,0.5725,Search engine optimisation,0.5148,0.0577,Generative engine optimisation,True,1,1.0,True,correct-card
GEO versus SEO,collision-seo,,Generative engine optimisation,True,Whose world the results represent,0.4443,Search engine optimisation,0.4229,0.0214,Whose world the results represent,True,4,0.25,False,wrong-topic
who regulates Google,attractor-regression,,Who governs search,True,Who governs search,0.6448,Government control of the internet,0.5009,0.1439,Who governs search,True,1,1.0,True,correct-card
EU Digital Markets Act,attractor-regression,,Who governs search,True,Who governs search,0.3602,Digital banking volatility,0.3172,0.043,Who governs search,True,1,1.0,True,correct-card
data void search,attractor-regression,,Data voids,True,Data voids,0.5516,Accessibility of search,0.367,0.1846,Data voids,True,1,1.0,True,correct-card
what is a data void,attractor-regression,,Data voids,True,Data voids,0.592,Big data,0.2907,0.3013,Data voids,True,1,1.0,True,correct-card
why are search results bad for breaking news,attractor-regression,,Data voids,True,Algorithmic bias in news feeds,0.5034,How results are ranked,0.4244,0.079,How results are ranked,True,6,0.1667,False,wrong-topic
how do I know if a website is reliable,attractor-regression,,Search literacy,True,Wikipedia and how online knowledge is made,0.442,Health misinformation,0.3595,0.0825,Wikipedia and how online knowledge is made,True,4,0.25,False,wrong-topic
teaching search literacy,attractor-regression,,Search literacy,True,Search literacy,0.6833,Artificial Intelligence and Search Engines,0.4603,0.223,Search literacy,True,1,1.0,True,correct-card
lateral reading,attractor-regression,,Search literacy,True,Search literacy,0.2281,Stem cell research,0.2237,0.0044,,False,1,1.0,False,missed (below-threshold)
right to be forgotten,attractor-regression,,The right to be forgotten,True,The right to be forgotten,0.4824,The Google effect on memory,0.218,0.2644,The right to be forgotten,True,1,1.0,True,correct-card
how to remove my name from Google,attractor-regression,,The right to be forgotten,True,The right to be forgotten,0.3045,Presidential impeachment,0.2251,0.0794,,False,1,1.0,False,missed (below-threshold)
is Google accessible for screen readers,former-attractor,,Accessibility of search,True,Accessibility of search,0.5484,Children and search,0.3914,0.157,Accessibility of search,True,1,1.0,True,correct-card
does the results page work with a screen reader,former-attractor,,Accessibility of search,True,Accessibility of search,0.4043,Search literacy,0.3338,0.0705,Accessibility of search,True,1,1.0,True,correct-card
is Google safe for kids,former-attractor,,Children and search,True,Children and search,0.7013,Social media data exploitation,0.3538,0.3475,Children and search,True,1,1.0,True,correct-card
safe search for children,former-attractor,,Children and search,True,Children and search,0.7661,Accessibility of search,0.391,0.3751,Children and search,True,1,1.0,True,correct-card
algorithmic bias examples,set3-topic,,Algorithmic bias and how audits find it,True,Algorithmic bias and how audits find it,0.6703,Algorithmic bias in news feeds,0.4981,0.1722,Algorithmic bias and how audits find it,True,1,1.0,True,correct-card
do search results discriminate,set3-topic,,Algorithmic bias and how audits find it,True,Whose world the results represent,0.4754,Search literacy,0.4672,0.0082,Whose world the results represent,True,5,0.2,False,wrong-topic
non-English search results,set3-topic,,Language inequality in search,True,Language inequality in search,0.5733,Whose world the results represent,0.5718,0.0015,Language inequality in search,True,1,1.0,True,correct-card
English dominance on the internet,set3-topic,,Language inequality in search,True,Language inequality in search,0.5346,Internet censorship,0.5167,0.0179,Language inequality in search,True,1,1.0,True,correct-card
can Google influence an election,set3-topic,,The search engine manipulation effect,True,The search engine manipulation effect,0.6337,Influence of social media on elections,0.5881,0.0456,The search engine manipulation effect,True,1,1.0,True,correct-card
search results and elections,set3-topic,,The search engine manipulation effect,True,The search engine manipulation effect,0.5438,U.S. Election 2024,0.506,0.0378,The search engine manipulation effect,True,1,1.0,True,correct-card
western bias in search results,set3-topic,,Whose world the results represent,True,Whose world the results represent,0.606,Algorithmic bias and how audits find it,0.4751,0.1309,Whose world the results represent,True,1,1.0,True,correct-card
whose perspective does Google show,set3-topic,,Whose world the results represent,True,The Google effect on memory,0.3847,Personalisation and why your results differ,0.3824,0.0023,The Google effect on memory,True,4,0.25,False,wrong-topic
DuckDuckGo versus Google,set3-topic,,Privacy-focused and alternative engines,True,Privacy-focused and alternative engines,0.6022,The Google effect on memory,0.2727,0.3295,Privacy-focused and alternative engines,True,1,1.0,True,correct-card
best private search engine,set3-topic,,Privacy-focused and alternative engines,True,Artificial Intelligence and Search Engines,0.522,Privacy-focused and alternative engines,0.5091,0.0129,Artificial Intelligence and Search Engines,True,2,0.5,False,wrong-topic
what is a featured snippet,set3-topic,,Knowledge panels and featured snippets,True,Knowledge panels and featured snippets,0.5928,The attention economy and engagement ranking,0.3136,0.2792,Knowledge panels and featured snippets,True,1,1.0,True,correct-card
why does one answer appear at the top,set3-topic,,Knowledge panels and featured snippets,True,Knowledge panels and featured snippets,0.4205,How results are ranked,0.3328,0.0877,Knowledge panels and featured snippets,True,1,1.0,True,correct-card
what are cookies,set3-topic,,Cookies and consent,True,Cookies and consent,0.4058,Dark patterns and the design of consent,0.314,0.0918,Cookies and consent,True,1,1.0,True,correct-card
why does every site ask about cookies,set3-topic,,Cookies and consent,True,Cookies and consent,0.5145,Dark patterns and the design of consent,0.4223,0.0922,Cookies and consent,True,1,1.0,True,correct-card
why does the algorithm show me this,set3-topic,,The attention economy and engagement ranking,True,Algorithmic bias in news feeds,0.3165,Misinformation identification,0.2483,0.0682,,False,11,0.0909,False,missed (below-threshold)
how do apps keep you scrolling,set3-topic,,The attention economy and engagement ranking,True,The attention economy and engagement ranking,0.3899,Privacy-focused and alternative engines,0.3026,0.0873,The attention economy and engagement ranking,True,1,1.0,True,correct-card
is the AI summary at the top accurate,edited-prompt,,AI Overviews and generative search,True,AI Overviews and generative search,0.67,AI disinformation,0.5122,0.1578,AI Overviews and generative search,True,1,1.0,True,correct-card
why is reject all so hard to find,edited-prompt,,Dark patterns and the design of consent,True,Book bans,0.2985,Misinformation vs. censorship,0.2846,0.0139,,False,7,0.1429,False,missed (below-threshold)
how does reverse image search work,edited-prompt,,Image search and reverse image search,True,Image search and reverse image search,0.672,Artificial Intelligence and Search Engines,0.3485,0.3235,Image search and reverse image search,True,1,1.0,True,correct-card
are filter bubbles real,edited-prompt,,"Filter bubbles, the evidence and the myth",True,"Filter bubbles, the evidence and the myth",0.6112,Real estate market bubbles,0.5681,0.0431,"Filter bubbles, the evidence and the myth",True,1,1.0,True,correct-card
are vaccines safe,ordinary-no-prompts,,Vaccination,False,Vaccination,0.579,Food safety,0.4294,0.1496,,False,1,1.0,True,correct-silence
best multivitamin reddit,ordinary-uncovered,,NONE,False,Big Pharma,0.3914,Artificial sweeteners,0.3394,0.052,,False,0,0.0,True,correct-silence
weather tomorrow,negative-control,,NONE,False,HAARP weather manipulation,0.233,U.S. Election 2024,0.2279,0.0051,,False,0,0.0,True,correct-silence
pizza near me,negative-control,,NONE,False,Food safety,0.2182,Intermittent fasting,0.1853,0.0329,,False,0,0.0,True,correct-silence
gmail login,negative-control,,NONE,False,Privacy-focused and alternative engines,0.2143,Mental health,0.1931,0.0212,,False,0,0.0,True,correct-silence
bbc news,negative-control,,NONE,False,Fake news,0.5401,Freedom of the press,0.4408,0.0993,,False,0,0.0,True,correct-silence
train times to london,negative-control,,NONE,False,Time travel,0.2246,Automation in warfare,0.1444,0.0802,,False,0,0.0,True,correct-silence
